病例编号,患者编号,姓名,性别,年龄,科室,影像模态,检查时间,风险评分,风险分级,诊断状态,MRI,PET,建档时间
AD260051,137_S_0438,示例患者·AD 阳性,男,74,放射科,MRI+PET,2026-09-12 12:51:16,79.5,AD 中晚期,AI已分析,有,有,2026-09-12 12:51:16
AD260010,P20260128,张秀英,女,61,记忆门诊,MRI+PET,2026-09-08 20:41:56,48,轻度认知障碍,AI已分析,有,有,2026-09-08 21:11:56
AD260032,P20260194,张文华,男,65,放射科,MRI+PET,2026-09-05 19:41:56,40,轻度认知障碍,AI已分析,有,有,2026-09-05 20:11:56
AD260039,P20260215,孙玉梅,女,67,放射科,PET,2026-08-29 20:41:56,31,低风险,AI已分析,无,有,2026-08-29 21:11:56
AD260003,P20260107,高广田,女,82,老年医学科,MRI+PET,2026-08-23 20:41:56,13.1,低风险,AI已分析,有,有,2026-08-23 21:11:56
AD260044,P20260230,朱福贵,男,88,老年医学科,MRI+PET,2026-08-22 17:41:56,29,低风险,AI已分析,有,有,2026-08-22 18:11:56
AD260017,P20260149,赵淑兰,女,83,记忆门诊,MRI,2026-08-20 17:41:56,45,轻度认知障碍,AI已分析,有,无,2026-08-20 18:11:56
AD260031,P20260191,黄桂英,女,80,放射科,MRI+PET,2026-08-16 20:41:56,65,AD 早期,AI已分析,有,有,2026-08-16 21:11:56
AD260026,P20260176,赵秀珍,男,75,放射科,MRI,2026-08-16 18:41:56,,,待AI分析,有,无,2026-08-16 19:11:56
AD260015,P20260143,胡素芬,男,76,神经内科,MRI+PET,2026-08-14 16:41:56,58,轻度认知障碍,AI已分析,有,有,2026-08-14 17:11:56
AD260038,P20260212,高桂英,女,79,放射科,MRI+PET,2026-08-13 15:41:56,,,待AI分析,有,有,2026-08-13 16:11:56
AD260023,P20260167,朱文华,男,66,记忆门诊,MRI+PET,2026-08-12 21:41:56,29,低风险,AI已分析,有,有,2026-08-12 22:11:56
AD260036,P20260206,刘玉梅,男,80,记忆门诊,MRI+PET,2026-08-08 17:41:56,16,低风险,AI已分析,有,有,2026-08-08 18:11:56
AD260007,P20260119,罗凤兰,男,88,老年医学科,MRI+PET,2026-08-05 21:41:56,23,低风险,AI已分析,有,有,2026-08-05 22:11:56
AD260018,P20260152,胡建国,女,87,老年医学科,MRI+PET,2026-08-03 19:41:56,67,AD 早期,AI已分析,有,有,2026-08-03 20:11:56
AD260040,P20260218,赵淑兰,男,78,老年医学科,MRI+PET,2026-07-27 19:41:56,29,低风险,AI已分析,有,有,2026-07-27 20:11:56
AD260006,P20260116,周秀英,女,63,记忆门诊,MRI,2026-07-19 17:41:56,33,低风险,AI已分析,有,无,2026-07-19 18:11:56
AD260046,P20260236,黄福贵,女,76,放射科,PET,2026-07-19 15:41:56,29,低风险,AI已分析,无,有,2026-07-19 16:11:56
AD260022,P20260164,马长顺,男,78,记忆门诊,MRI+PET,2026-07-17 19:41:56,58,轻度认知障碍,AI已分析,有,有,2026-07-17 20:11:56
AD260013,P20260137,罗忠义,男,70,记忆门诊,MRI+PET,2026-07-16 14:41:56,77,AD 早期,AI已分析,有,有,2026-07-16 15:11:56
AD260043,P20260227,赵建国,女,67,记忆门诊,MRI+PET,2026-07-10 14:41:56,27,低风险,AI已分析,有,有,2026-07-10 15:11:56
AD260001,P20260101,周玉兰,男,74,神经内科,MRI+PET,2026-07-07 17:41:56,76.4,AD 早期,医生已审核,有,有,2026-07-07 18:11:56
AD260008,P20260122,徐素芬,女,75,放射科,MRI,2026-07-07 16:41:56,,,待AI分析,有,无,2026-07-07 17:11:56
AD260027,P20260179,李建国,女,87,神经内科,MRI,2026-06-28 21:41:56,40,轻度认知障碍,AI已分析,有,无,2026-06-28 22:11:56
AD260033,P20260197,王桂英,男,62,老年医学科,MRI+PET,2026-06-27 16:41:56,,,待AI分析,有,有,2026-06-27 17:11:56
AD260047,P20260239,林文华,男,78,记忆门诊,MRI,2026-06-19 15:41:56,95,AD 中晚期,已出报告,有,无,2026-06-19 16:11:56
AD260034,P20260200,孙凤兰,男,76,神经内科,MRI,2026-06-13 21:41:56,,,待AI分析,有,无,2026-06-13 22:11:56
AD260004,P20260110,刘长顺,男,87,神经内科,MRI+PET,2026-06-07 20:41:56,19,低风险,AI已分析,有,有,2026-06-07 21:11:56
AD260041,P20260221,赵忠义,女,72,老年医学科,MRI+PET,2026-06-06 16:41:56,,,待AI分析,有,有,2026-06-06 17:11:56
AD260002,P20260104,高桂英,男,75,放射科,MRI+PET,2026-06-05 14:41:56,12,低风险,AI已分析,有,有,2026-06-05 15:11:56
AD260028,P20260182,李凤兰,男,64,老年医学科,MRI+PET,2026-05-31 18:41:56,98,AD 中晚期,已出报告,有,有,2026-05-31 19:11:56
AD260030,P20260188,郭素芬,女,78,记忆门诊,MRI+PET,2026-05-22 18:41:56,,,待AI分析,有,有,2026-05-22 19:11:56
AD260024,P20260170,胡永强,女,69,老年医学科,MRI+PET,2026-05-20 17:41:56,,,待AI分析,有,有,2026-05-20 18:11:56
AD260009,P20260125,朱秀英,女,78,放射科,MRI+PET,2026-05-12 14:41:56,79,AD 早期,AI已分析,有,有,2026-05-12 15:11:56
AD260014,P20260140,徐凤兰,男,67,神经内科,MRI+PET,2026-04-29 19:41:56,43,轻度认知障碍,AI已分析,有,有,2026-04-29 20:11:56
AD260035,P20260203,黄广田,女,65,老年医学科,MRI+PET,2026-04-28 17:41:56,92,AD 中晚期,已出报告,有,有,2026-04-28 18:11:56
AD260037,P20260209,胡福贵,男,73,神经内科,MRI+PET,2026-04-21 16:41:56,43,轻度认知障碍,AI已分析,有,有,2026-04-21 17:11:56
AD260045,P20260233,刘桂英,男,69,老年医学科,MRI+PET,2026-04-09 21:41:56,33,低风险,AI已分析,有,有,2026-04-09 22:11:56
AD260042,P20260224,刘德华,男,72,神经内科,MRI+PET,2026-04-09 15:41:56,23,低风险,AI已分析,有,有,2026-04-09 16:11:56
AD260005,P20260113,徐广田,女,80,神经内科,MRI+PET,2026-04-08 15:41:56,,,待AI分析,有,有,2026-04-08 16:11:56
AD260012,P20260134,李长顺,女,64,放射科,MRI+PET,2026-04-06 15:41:56,67,AD 早期,AI已分析,有,有,2026-04-06 16:11:56
AD260025,P20260173,王德华,女,71,放射科,MRI,2026-04-01 16:41:56,77,AD 早期,AI已分析,有,无,2026-04-01 17:11:56
AD260029,P20260185,刘淑兰,女,76,神经内科,PET,2026-03-22 16:41:56,,,待AI分析,无,无,2026-03-22 17:11:56
AD260016,P20260146,吴桂英,男,75,放射科,MRI+PET,2026-03-20 17:41:56,57,轻度认知障碍,AI已分析,有,有,2026-03-20 18:11:56