病例ID,患者编号,姓名,性别,年龄,影像模态,检查日期,申请科室,病例状态,风险等级,风险评分
AD260051,137_S_0438,示例患者·AD 阳性,男,74,MRI+PET,2026-09-12 12:51:16,放射科,已分析,AD 中晚期,87.5
AD260010,P20260128,张秀英,女,61,MRI+PET,2026-09-08 20:41:56,记忆门诊,已分析,轻度认知障碍,48
AD260032,P20260194,张文华,男,65,MRI+PET,2026-09-05 19:41:56,放射科,已分析,轻度认知障碍,40
AD260039,P20260215,孙玉梅,女,67,PET,2026-08-29 20:41:56,放射科,已分析,低风险,31
AD260003,P20260107,高广田,女,82,MRI+PET,2026-08-23 20:41:56,老年医学科,已分析,低风险,13.1
AD260044,P20260230,朱福贵,男,88,MRI+PET,2026-08-22 17:41:56,老年医学科,已分析,低风险,29
AD260017,P20260149,赵淑兰,女,83,MRI,2026-08-20 17:41:56,记忆门诊,已分析,轻度认知障碍,45
AD260031,P20260191,黄桂英,女,80,MRI+PET,2026-08-16 20:41:56,放射科,已分析,AD 早期,65
AD260026,P20260176,赵秀珍,男,75,MRI,2026-08-16 18:41:56,放射科,待分析,未分析,
AD260015,P20260143,胡素芬,男,76,MRI+PET,2026-08-14 16:41:56,神经内科,已分析,轻度认知障碍,58
AD260038,P20260212,高桂英,女,79,MRI+PET,2026-08-13 15:41:56,放射科,待分析,未分析,
AD260023,P20260167,朱文华,男,66,MRI+PET,2026-08-12 21:41:56,记忆门诊,已分析,低风险,29
AD260036,P20260206,刘玉梅,男,80,MRI+PET,2026-08-08 17:41:56,记忆门诊,已分析,低风险,16
AD260007,P20260119,罗凤兰,男,88,MRI+PET,2026-08-05 21:41:56,老年医学科,已分析,低风险,23
AD260018,P20260152,胡建国,女,87,MRI+PET,2026-08-03 19:41:56,老年医学科,已分析,AD 早期,67
AD260040,P20260218,赵淑兰,男,78,MRI+PET,2026-07-27 19:41:56,老年医学科,已分析,低风险,29
AD260006,P20260116,周秀英,女,63,MRI,2026-07-19 17:41:56,记忆门诊,已分析,低风险,33
AD260046,P20260236,黄福贵,女,76,PET,2026-07-19 15:41:56,放射科,已分析,低风险,29
AD260022,P20260164,马长顺,男,78,MRI+PET,2026-07-17 19:41:56,记忆门诊,已分析,轻度认知障碍,58
AD260013,P20260137,罗忠义,男,70,MRI+PET,2026-07-16 14:41:56,记忆门诊,已分析,AD 早期,77
AD260043,P20260227,赵建国,女,67,MRI+PET,2026-07-10 14:41:56,记忆门诊,已分析,低风险,27
AD260001,P20260101,周玉兰,男,74,MRI+PET,2026-07-07 17:41:56,神经内科,已分析,AD 早期,76.4
AD260008,P20260122,徐素芬,女,75,MRI,2026-07-07 16:41:56,放射科,待分析,未分析,
AD260027,P20260179,李建国,女,87,MRI,2026-06-28 21:41:56,神经内科,已分析,轻度认知障碍,40
AD260033,P20260197,王桂英,男,62,MRI+PET,2026-06-27 16:41:56,老年医学科,待分析,未分析,
AD260047,P20260239,林文华,男,78,MRI,2026-06-19 15:41:56,记忆门诊,已出报告,AD 中晚期,95
AD260034,P20260200,孙凤兰,男,76,MRI,2026-06-13 21:41:56,神经内科,待分析,未分析,
AD260004,P20260110,刘长顺,男,87,MRI+PET,2026-06-07 20:41:56,神经内科,已分析,低风险,19
AD260041,P20260221,赵忠义,女,72,MRI+PET,2026-06-06 16:41:56,老年医学科,待分析,未分析,
AD260002,P20260104,高桂英,男,75,MRI+PET,2026-06-05 14:41:56,放射科,已分析,低风险,12
AD260028,P20260182,李凤兰,男,64,MRI+PET,2026-05-31 18:41:56,老年医学科,已出报告,AD 中晚期,98
AD260030,P20260188,郭素芬,女,78,MRI+PET,2026-05-22 18:41:56,记忆门诊,待分析,未分析,
AD260024,P20260170,胡永强,女,69,MRI+PET,2026-05-20 17:41:56,老年医学科,待分析,未分析,
AD260009,P20260125,朱秀英,女,78,MRI+PET,2026-05-12 14:41:56,放射科,已分析,AD 早期,79
AD260014,P20260140,徐凤兰,男,67,MRI+PET,2026-04-29 19:41:56,神经内科,已分析,轻度认知障碍,43
AD260035,P20260203,黄广田,女,65,MRI+PET,2026-04-28 17:41:56,老年医学科,已出报告,AD 中晚期,92
AD260037,P20260209,胡福贵,男,73,MRI+PET,2026-04-21 16:41:56,神经内科,已分析,轻度认知障碍,43
AD260045,P20260233,刘桂英,男,69,MRI+PET,2026-04-09 21:41:56,老年医学科,已分析,低风险,33
AD260042,P20260224,刘德华,男,72,MRI+PET,2026-04-09 15:41:56,神经内科,已分析,低风险,23
AD260005,P20260113,徐广田,女,80,MRI+PET,2026-04-08 15:41:56,神经内科,待分析,未分析,
AD260012,P20260134,李长顺,女,64,MRI+PET,2026-04-06 15:41:56,放射科,已分析,AD 早期,67
AD260025,P20260173,王德华,女,71,MRI,2026-04-01 16:41:56,放射科,已分析,AD 早期,77
AD260029,P20260185,刘淑兰,女,76,PET,2026-03-22 16:41:56,神经内科,待分析,未分析,
AD260016,P20260146,吴桂英,男,75,MRI+PET,2026-03-20 17:41:56,放射科,已分析,轻度认知障碍,57