统计模块,分项,数值
导出信息,筛选条件（全部模态，趋势近 6 个月）,2026/9/12 13:14:56
队列概览,在库病例总数,44
年龄段分布,<50 岁,0
年龄段分布,50-59 岁,0
年龄段分布,60-69 岁,13
年龄段分布,70-79 岁,21
年龄段分布,80+ 岁,10
性别分布,男,23
性别分布,女,21
风险评分直方图,已出分病例总数,34
风险评分直方图,0-10 分,0
风险评分直方图,10-20 分,4
风险评分直方图,20-30 分,7
风险评分直方图,30-40 分,3
风险评分直方图,40-50 分,6
风险评分直方图,50-60 分,3
风险评分直方图,60-70 分,3
风险评分直方图,70-80 分,4
风险评分直方图,80-90 分,1
风险评分直方图,90-100 分,3
医生审核,版本总数,6
医生审核,待审核,5
医生审核,已通过,0
医生审核,已驳回,1
医生审核,认可率(%),0
分等级认可率,低风险,0/2（0%）
分等级认可率,轻度认知障碍,0/2（0%）
分等级认可率,AD 早期,0/1（0%）
分等级认可率,AD 中晚期,0/1（0%）
随访质量,随访计划数,33
随访质量,随访记录数,23
随访质量,覆盖病例数,17
随访质量,平均 MMSE,24.4
随访质量,平均 MoCA,22.4
认知变化分布,改善,3
认知变化分布,稳定,12
认知变化分布,轻度下降,8
认知变化分布,明显下降,0
用药依从性分布,规律,15
用药依从性分布,偶有漏服,8
用药依从性分布,经常漏服,0
用药依从性分布,已停药,0
随访方式分布,电话随访,8
随访方式分布,门诊复诊,8
随访方式分布,影像复查,7
月度趋势,2026-04,筛查8/高风险3(37.5%)
月度趋势,2026-05,筛查4/高风险2(50%)
月度趋势,2026-06,筛查7/高风险1(14.3%)
月度趋势,2026-07,筛查8/高风险2(25%)
月度趋势,2026-08,筛查12/高风险2(16.7%)
月度趋势,2026-09,筛查3/高风险1(33.3%)